grant_title,id,organization,total_amount,group,Grant start date,start_month,start_day,start_year,titlex
14032,20.09.2010,10.08.2011,121819,low,,,,yes,Arzneimittelwesen - Keine Umsetzung des EU-Verkaufsverbotes für Heilpflanzen
8926,20.12.2009,26.07.2011,27562,medium,,,,no,Datenschutz - Aufhebung des elektronischen Entgeltnachweises (ELENA)
7922,20.10.2009,05.12.2011,23631,high,,,,no,Wissenschaft und Forschung - Kostenloser Erwerb wissenschaftlicher Publikationen
13269,29.07.2010,31.10.2011,12064,medium,,,,no,Tiertransporte - Verschärfter Tierschutz und Kontrolle für Tiertransporte
4006,03.05.2009,10.11.2011,11931,high,,,,no,Urheberrecht - Kopierschutzmaßnahmen
14686,24.10.2010,21.07.2011,10972,low,,,,no,Gesetzliche Krankenversicherung - Leistungen - Änderung von bilateralen Abkommen zur sozialen Sicherheit
14023,19.09.2010,15.07.2011,9832,low,,,,no,Nukleare Ver- und Entsorgung - Änderung der Verjährungsfristen im Atomgesetz
9001,27.12.2009,09.12.2011,9749,high,,,,no,Grundgesetz - Berücksichtigung der sexuellen Identität in Artikel 3 GG
14351,06.10.2010,03.08.2011,8543,low,,,,no,Polizei - Begrenzung der Wirkungsweise von Wasserwerfern
8698,06.12.2009,10.08.2011,8428,medium,,,,no,Personenstandswesen - Aufnahme aller geborenen Kinder in das Personenstandsregister
6476,30.07.2009,02.12.2011,8355,high,,,,no,Heilhilfsberufe - Absenkung des Zugangs-Bildungsniveaus in Pflegeberufen
2717,18.02.2009,02.08.2011,7665,high,,,,no,Vergütung für medizinische Leistungen - Honorarreform mit regionalen Spielräumen
9114,03.01.2010,26.07.2011,5901,medium,,,,no,Datenschutz - Modifizierung des elektronischen Entgeltnachweises (ELENA)
11495,20.04.2010,02.12.2011,5474,medium,,,,no,Schulwesen - Hausunterricht straffrei stellen
5225,16.06.2009,20.12.2011,5349,high,,,,no,Ausweise - Kein biometrisches Foto in Kinderausweisen
10524,03.03.2010,27.04.2011,5293,medium,,,,no,Verbraucherschutz - Verbot des Anbaus (Erzeugung, Verwendung, Herstellung) gentechnisch veränderter Organismen
10823,15.03.2010,29.07.2011,4813,medium,,,,no,Gesetzliche Krankenversicherung - Leistungen - Gesetzliche Krankenversicherung - Verordnung von kurzwirksamen Insulin-Analoga
8867,16.12.2009,27.06.2011,4254,medium,,,,no,Bankenwesen - Geldschöpfung durch den Staat
10985,23.03.2010,05.05.2011,4071,medium,,,,no,Finanzpolitik - Keine Umgehung der \Bail-out\-Klausel bei Finanzhilfen innerhalb der EU
8545,25.11.2009,06.07.2011,3691,medium,,,,no,Arzneimittelwesen - Veröffentlichung aller Studien über Medikamente
10272,24.02.2010,10.08.2011,3379,medium,,,,no,Lebens- und Genussmittel - Auszeichnungspflicht für jede Art von Geschmacksverstärkern
3767,15.04.2009,02.08.2011,3204,high,,,,no,Bundesregierung - Umzug nach Berlin
2068,28.01.2009,16.11.2011,3203,high,,,,no,Nukleare Entsorgung - Verursacherprinzip
10427,28.02.2010,17.03.2011,3039,medium,,,,no,Verhaltensregeln der Mitglieder des Deutschen Bundestages - Offenlegung der Bezüge und Nebeneinkünfte, Anrechnung von Nebeneinkünften
10463,02.03.2010,06.07.2011,3002,medium,,,,no,Unterhaltsrecht - Transparente Regelung des Selbstbehalts der Unterhaltsverpflichteten
9847,03.02.2010,02.08.2011,2965,medium,,,,no,Klimaschutz - Kein Einsatz von Geo-Engineering über Deutschland
8981,25.12.2009,11.07.2011,2965,medium,,,,no,Steuerpolitik - Rücknahme des Wachstumsbeschleunigungsgesetzes
7714,11.10.2009,14.01.2011,2889,medium,,,,no,Kirchenfragen - Strikte Trennung von Kirche und Staat
10171,19.02.2010,06.07.2011,2884,medium,,,,no,Bankenwesen - Vollständige Rückzahlung der aus Steuergeldern finanzierten Bankenunterstützung
14095,24.09.2010,09.12.2011,2782,medium,,,,no,Gesundheitlicher Arbeitsschutz - Nichtraucherschutz am Arbeitsplatz
7058,03.09.2009,14.02.2011,2780,medium,,,,no,Deutscher Bundestag - Einrichtung eines Lobbyistenregisters
8494,22.11.2009,05.07.2011,2775,medium,,,,no,Leistungen an Mitglieder des Deutschen Bundestages - Bestrafung bei vorsätzlich falschem Umgang mit finanziellen Mitteln
14916,05.11.2010,15.07.2011,2765,low,,,,no,Nukleare Ver- und Entsorgung - Beteiligung der Energiewirtschaft an den Atommüll-Transportkosten
16880,03.03.2011,20.12.2011,2749,high,,,,no,Wirtschaftsfragen der Umweltpolitik - Aufhebung der EU-Richtlinie zum E10-Kraftstoff
14185,28.09.2010,09.12.2011,2721,medium,,,,no,Arbeitslosengeld II - Anhebung des Regelsatzes für Kinder beim Arbeitslosengeld II
9277,10.01.2010,20.01.2011,2711,medium,,,,no,Tierschutz - Ausweitung des EU-Importverbots auf alle chinesischen Pelztiere
14708,25.10.2010,20.12.2011,2684,medium,,,,no,Verbraucherschutz - Kennzeichnung von Schadstoffen in Spielwaren
10638,07.03.2010,05.01.2011,2501,low,,,,no,Gesetzliche Krankenversicherung - Leistungen - Gesetzliche Krankenversicherung - Übernahme der Rufbereitschaftsgebühren von Hebammen bei Hausgeburten
3684,07.04.2009,01.04.2011,2473,high,,,,no,Naturschutz und Ökologie - Irrweg \Biosprit\
3922,28.04.2009,11.05.2011,2400,high,,,,no,Wahlen - 5%-Hürde bei der Europawahl
15450,24.11.2010,16.11.2011,2391,medium,,,,no,Arzneimittelwesen - Verbot von Amalgam-Zahnfüllungen
13992,17.09.2010,30.05.2011,2351,low,,,,no,Asylrecht - Abschiebestopp nach Afghanistan
8699,07.12.2009,06.07.2011,2322,medium,,,,no,Verbraucherschutz - Kennzeichnungspflicht für Fleisch aus Massentierhaltung
8604,30.11.2009,06.04.2011,2310,medium,,,,no,Lebens- und Genussmittel - Angabe von bisher nicht deklarierungspflichtigen Stoffen auf Lebensmittelverpackungen
13594,17.08.2010,10.08.2011,2295,medium,,,,no,Verhaltensregeln der Mitglieder des Deutschen Bundestages - Veröffentlichung der Funktionsbezüge von Abgeordneten des Bundestages
9066,31.12.2009,01.04.2011,2254,medium,,,,no,Gaspreise - Entkoppelung der Preise für Gas und Öl
5649,28.06.2009,21.12.2011,2206,high,,,,no,Eigenleistungen - Praxisgebühr
14130,26.09.2010,09.12.2011,2206,medium,,,,no,Arbeitslosengeld II - Erhöhung des Regelsatzes vom Arbeitslosengeld II
13042,13.07.2010,18.04.2011,2119,low,,,,no,Gesetzliche Krankenversicherung - Leistungen - Streichung der Homöopathie aus dem Leistungskatalog
9261,09.01.2010,20.12.2011,2033,medium,,,,no,Leistungen an Mitglieder des Deutschen Bundestages - Streichung des Sachleistungskontos für Abgeordnete
14165,27.09.2010,02.08.2011,1990,low,,,,no,Arbeitnehmerüberlassung - Keine Beschäftigung von Leiharbeitern/Zeitarbeitern im Öffentlichen Dienst
13874,06.09.2010,31.10.2011,1961,medium,,,,no,Energiewirtschaft - Keine Fördergelder für Großprojekt DESERTEC
11558,23.04.2010,11.07.2011,1949,medium,,,,no,Ausbildungsförderung nach dem BAföG - BAföG-Leistungen unabhängig von der Anzahl bereits studierter Semester
3583,31.03.2009,17.01.2011,1947,medium,,,,no,Eigenleistungen - Keine Praxisgebühr für Rezepte
15433,23.11.2010,09.12.2011,1904,medium,,,,no,Bundesagentur für Arbeit - Erhöhung der Transparenz der Arbeitslosenstatistik
7980,23.10.2009,29.07.2011,1899,medium,,,,no,Gesetzliche Krankenversicherung - Beiträge - Weiterhin Solidarprinzip statt Kopfpauschale
10013,11.02.2010,20.12.2011,1896,medium,,,,no,Energiewirtschaft - Keine weitere Absenkung der Einspeisevergütung für erneuerbare Energien
8514,24.11.2009,06.07.2011,1771,medium,,,,no,Leistungen an Mitglieder des Deutschen Bundestages - Untersagung der Erzielung von Nebeneinkünften
8764,11.12.2009,01.04.2011,1767,medium,,,,no,Leistungen an Mitglieder des Deutschen Bundestages - Versicherungspflicht für die Abgeordneten in der gesetzlichen Krankenversicherung
10283,24.02.2010,14.01.2011,1761,low,,,,no,Anrechnung von Zeiten in der gesetzlichen Rentenversicherung - Volle Bewertung der Schul- und Hochschulzeiten bei der Rentenberechnung
14433,11.10.2010,02.08.2011,1740,low,,,,no,Kraftfahrzeugsteuer - Steuerbefreiung für Transportfahrzeuge der Tafeln
10633,07.03.2010,06.04.2011,1729,medium,,,,no,Leistungen bei Arbeitslosigkeit - Einbeziehung aller Leistungsbezieher von Arbeitslosengeld in die Arbeitslosenstatistik
8830,14.12.2009,26.05.2011,1686,medium,,,,no,Bundesminister - Transparenz der Lebensläufe der Bundesminister
4337,12.05.2009,30.05.2011,1674,high,,,,no,Dienstleistungen im Telekommunikationsbereich - Anbieterwechsel
11356,12.04.2010,27.06.2011,1659,medium,,,,no,Verbraucherschutz - Kennzeichnungspflicht für Formfleisch
7857,18.10.2009,28.02.2011,1653,medium,,,,no,Bankenwesen - Abschaffung der Provisionen im Bankensystem
8254,07.11.2009,27.06.2011,1643,medium,,,,no,Leistungen an Mitglieder des Deutschen Bundestages - Koppelung der Abgeordnetenbezüge an Durchschnittseinkommen
14321,04.10.2010,21.12.2011,1599,medium,,,,no,Ausbildungsförderung nach dem BAföG - Bearbeitungsfrist für BAföG-Folgeanträge
10754,11.03.2010,07.01.2011,1592,low,,,,no,Mineralölsteuer - Senkung der Mineralölsteuer für Diesel und Benzin
11019,26.03.2010,26.05.2011,1584,medium,,,,no,Energiewirtschaft - Ausstattung von öffentlichen Gebäuden mit Solar-/Photovoltaik-Anlagen
3859,22.04.2009,04.11.2011,1559,high,,,,no,Immissionsschutz - Umweltzonen
9008,27.12.2009,20.12.2011,1543,high,,,,no,Abfallwirtschaft - Abschaffung des Dualen Systems (\Grüner Punkt\)
3900,25.04.2009,17.03.2011,1536,medium,,,,no,Eigenleistungen - Härtefallregelung für Zuzahlungen bei Zahnersatz
4739,28.05.2009,05.05.2011,1491,high,,,,no,Arbeitslosengeld II - Gewährung eines Mehrbedarfs für Medikamente und Therapien
14065,22.09.2010,15.07.2011,1479,low,,,,no,Eigenleistungen - Zuzahlungsregelungen in der gesetzlichen Krankenversicherung
14671,23.10.2010,09.12.2011,1474,medium,,,,no,Leistungen nach dem BAföG - Ausbildungsförderung unabhängig vom Lebensalter
10282,24.02.2010,08.08.2011,1450,medium,,,,no,Arbeitslosengeld II - Einfügung eines Lohnanstandsgebotes ins Sozialgesetzbuch
14013,18.09.2010,21.07.2011,1449,low,,,,no,Nukleare Ver- und Entsorgung - Oberirdische Endlagerung von atomarem Müll
14709,25.10.2010,21.12.2011,1447,medium,,,,no,Tierschutz - Strafrechtliche Regelungen im Zusammenhang mit der Hundehaltung
15601,05.12.2010,21.12.2011,1446,medium,,,,no,Datenschutz - Jährliche obligatorische Auskunft über gespeicherte Daten
8496,23.11.2009,21.12.2011,1441,high,,,,no,Familienfragen - Keine Einführung des Betreuungsgeldes
4831,01.06.2009,05.05.2011,1439,medium,,,,no,Hochschulwesen - Gleiche Rechte für Teilzeit- wie für ordentliche Studierende
11339,11.04.2010,06.07.2011,1438,medium,,,,no,Umsatzsteuer - Keine Mehrwertsteuer auf frisches Obst und Gemüse
9149,05.01.2010,29.09.2010,1411,medium,,,,no,Internet - Offener, abgaben- und diskriminierungsfreier Zugang zu Online-Angeboten
15583,02.12.2010,20.10.2011,1410,low,,,,no,Arbeitsmarktpolitik - Festlegung der Sittenwidrigkeit  von Löhnen/Gehältern
4723,27.05.2009,04.11.2011,1408,high,,,,no,Straßenverkehrsordnung - Anschnallpflicht für Taxifahrer
10307,25.02.2010,29.07.2011,1373,medium,,,,no,Verbraucherschutz - Auszeichnung von neuen Elektrogeräten mit Stromverbrauchsdaten
11471,19.04.2010,17.03.2011,1359,low,,,,no,Gesetzliche Krankenversicherung - Leistungen - Keine Kostenübernahme bei \Komasaufen\
8685,05.12.2009,01.03.2011,1358,medium,,,,no,Umsatzsteuer - Keine Reduzierung für Beherbergungsleistungen im Hotel- und Gaststättengewerbe
10404,28.02.2010,06.07.2011,1356,medium,,,,no,Nichtraucherschutz - Keine Zigarettenautomaten im öffentlichen Straßenland
15956,02.01.2011,27.06.2011,1350,low,,,,no,Steuern und Abgaben - Steuer auf Feuerwerkskörper
4623,23.05.2009,16.11.2011,1340,high,,,,no,Energiewirtschaft - Förderung von Nullenergie- und Passivhäusern
13805,01.09.2010,09.12.2011,1329,medium,,,,no,Parlamentarische Staatssekretäre - Begrenzung der Zahl der parlamentarischen Staatssekretäre
8911,19.12.2009,27.06.2011,1317,medium,,,,no,Datenschutz - Einstufung von Systemoperatoren und Administratoren als Berufsgeheimnisträger per Gesetz
6267,22.07.2009,06.07.2011,1313,high,,,,no,Kassenarztrecht - Keine Geld- oder Sachleistungen der Pharma-Industrie an Ärzte
3576,30.03.2009,09.11.2011,1310,high,,,,no,Abfallwirtschaft - Einheitliches Pfandsystem
6933,27.08.2009,11.05.2011,1291,medium,,,,no,Sorgerecht der Eltern - Einführung des Wechselmodells bei der Kinderbetreuung
7252,16.09.2009,04.11.2011,1272,high,,,,no,Bildungswesen - Verdreifachung der Bildungsausgaben
11489,20.04.2010,06.07.2011,1247,medium,,,,no,Einkommensteuer - Zusätzliche Steuerklasse für eheähnliche Lebensgemeinschaften
8980,25.12.2009,16.11.2011,1238,medium,,,,no,Immissionsschutz - Verbot von Heizpilzen vor Cafés
14715,26.10.2010,16.11.2011,1236,medium,,,,no,Ausweise - Freiwillige Angaben zur Organspende im neuen Personalausweis
11567,24.04.2010,18.04.2011,1232,medium,,,,no,Straßenverkehrsordnung - Abschaffung des Verkehrszeichens \Radfahrer absteigen\
12420,06.06.2010,18.04.2011,1221,low,,,,no,Steuerpolitik - Einstellung der Subventionierung des Flugverkehrs
15996,05.01.2011,20.10.2011,1209,low,,,,no,Naturschutz und Ökologie - Einschränkung des Verbrauchs von Torf und Torfprodukten
8050,28.10.2009,02.12.2011,1172,high,,,,no,Arbeitslosengeld II - Keine Anrechnung von Kindergeld
14551,19.10.2010,26.07.2011,1163,low,,,,no,Arzneimittelwesen - Verständlichkeit von Beipackzetteln bei Medikamenten
3852,21.04.2009,17.03.2011,1163,medium,,,,no,Gesundheitswesen - Gendiagnostik-Gesetz
7266,16.09.2009,01.04.2011,1152,medium,,,,no,Bundesregierung - Veröffentlichung von steuerfinanzierten Studien der Ministerien
4748,28.05.2009,01.03.2011,1130,medium,,,,no,Deutscher Bundestag - Parlamentsfernsehen via Satellit
8938,21.12.2009,14.01.2011,1127,medium,,,,no,Dienstvertragsrecht - Beweispflicht bei Verlust oder Diebstahl der EC-Karte
3752,14.04.2009,19.04.2011,1126,high,,,,no,Studienförderung außerhalb des BAföG - Förderung in der EU
7428,25.09.2009,26.07.2011,1103,medium,,,,no,Hochschulwesen - Abschaffung des Bachelor/Master-Systems
13136,20.07.2010,27.04.2011,1101,low,,,,no,Energiewirtschaft - Umsetzung des Plans \Emissionsfreie Welt bis 2030\
3703,09.04.2009,14.01.2011,1094,medium,,,,no,Arbeitslohn - Nachtarbeit
11855,08.05.2010,20.10.2011,1045,medium,,,,no,Heilberufe - Kultursensible und muttersprachliche Psychotherapie für Menschen mit Zuwanderungshintergrund
13052,14.07.2010,06.07.2011,1040,medium,,,,no,Arbeitslohn - Abschaffung der Einteilung in Ost- und Westtarife
8964,23.12.2009,30.05.2011,1033,medium,,,,no,Arbeitslohn - Einschränkung der Einstellung von Pauschalkräften auf Niedriglohnbasis
14407,08.10.2010,31.10.2011,1027,medium,,,,no,Ziviler Bevölkerungsschutz - Erste-Hilfe-Kurs für alle Personen über 18 Jahre
9782,01.02.2010,17.01.2011,1017,low,,,,no,Gesetzliche Krankenversicherung - Leistungen - Bestätigung der Arztleistungen vor Abrechnung mit der Krankenkasse
13226,27.07.2010,03.08.2011,1016,medium,,,,no,Private Krankenversicherung - Private Krankenversicherung nur als Zusatzversicherung zur GKV
13117,18.07.2010,29.07.2011,1001,medium,,,,no,Arbeitslosengeld II - Offenlegung der Neuermittlungen der Regelleistungen für Arbeitslosengeld II-Empfänger
4407,14.05.2009,17.01.2011,985,medium,,,,no,Insolvenzrecht - Rückzahlung von gezahltem Lohn
12457,07.06.2010,20.10.2011,977,medium,,,,no,Arbeitslosengeld II - Keine Kürzung von ALG II, Elterngeld, Heizkosten usw. im Rahmen von Sparmaßnahmen
12043,16.05.2010,02.08.2011,967,medium,,,,no,Straßenverkehrsordnung - Reduzierung auf 0,0 Promille-Grenze im Straßenverkehr
4592,22.05.2009,07.07.2011,964,high,,,,no,Arzneimittelwesen - Aufhebung des Apothekenmonopols
3145,11.03.2009,14.02.2011,942,medium,,,,no,Bankenwesen - Trennung in Investment- und Geschäftsbanken
10216,22.02.2010,20.12.2011,941,medium,,,,no,Arbeitslosengeld II - Keine Anrechnung von Schüler-BAföG bei Arbeitslosengeld II-Empfängern als Einkommen
14059,22.09.2010,26.07.2011,941,low,,,,no,Straßenverkehrsordnung - Parken von motorisierten Zweirädern auf Gehwegen
10656,08.03.2010,13.04.2011,934,medium,,,,no,Arbeitslosengeld II - Umwandlung von \1Euro Jobs\ in öffentliche Beschäftigungsverhältnisse
5339,19.06.2009,14.02.2011,922,medium,,,,no,Unlauterer Wettbewerb - Unerwünschte Werbebotschaften auf Internetangeboten mit Kommentarmöglichkeit/ Internetdiskussionsforen
4022,04.05.2009,17.03.2011,913,medium,,,,no,Gesetzliche Krankenversicherung - Leistungen - Allergien gleich chronische Krankheiten
13481,08.08.2010,21.07.2011,907,low,,,,no,Energiewirtschaft - Aufhebung des Glühlampenverbots
8650,03.12.2009,15.02.2011,903,medium,,,,no,Ziviler Bevölkerungsschutz - Reformierung und Vereinheitlichung der Rettungsdienste in Deutschland
13637,20.08.2010,19.04.2011,888,low,,,,no,Suchtgefahren - Unterstützung für Suchtkranke und ihre Familien
13351,31.07.2010,15.07.2011,876,medium,,,,no,Gesetzliche Krankenversicherung - Leistungen - Einführung einer obligatorischen Patientenquittung
11582,26.04.2010,28.02.2011,874,low,,,,no,Klimaschutz - Reduzierung von Treibhausgas und Nutzung erneuerbarer Energien
12416,05.06.2010,20.12.2011,868,medium,,,,no,Verbraucherschutz - Angabe des Herstellungslandes auf Schuhen und Textilien
4898,04.06.2009,26.07.2011,864,high,,,,no,Arbeitszeit - § 11 Arbeitszeitgesetz (Ausgleich für Sonn- und Feiertagsbeschäftigung)
11789,06.05.2010,02.08.2011,856,medium,,,,no,Kinder- und Jugendhilfe - Förderung für Kinderbetreuung
14080,23.09.2010,26.07.2011,842,low,,,,no,Vergütung für medizinische Leistungen - Ambulantes Operieren nicht erschweren
3842,21.04.2009,01.11.2011,830,high,,,,no,Fürsorge für Soldaten - Vereinbarkeit von Familie und Beruf
9026,28.12.2009,06.04.2011,828,medium,,,,no,Gesetzliche Krankenversicherung - Leistungen - Volle Übernahme der Kosten für künstliche Befruchtung
10080,15.02.2010,01.04.2011,818,medium,,,,no,Arbeitslohn - Einführung eines Nettomindestlohns (mindestens 50 % über dem Arbeitlosengeld II-Satz)
5070,09.06.2009,14.01.2011,816,medium,,,,no,Heilberufe - Einsatz der Magnetresonanz-Tomografie
9399,15.01.2010,18.05.2011,798,medium,,,,no,Einkommensteuer - Steuerliche Gleichstellung von nichtehelichen Lebensgemeinschaften mit Kindern und Ehen mit Kindern
793,17.10.2008,11.01.2011,791,high,,,,no,Bankenwesen - Prozesskosten-Sicherungsfond
8186,04.11.2009,26.07.2011,784,medium,,,,no,Bundesregierung - Gesetzentwürfe nur durch Bundesbedienstete bzw. Abgeordnete
11678,29.04.2010,09.12.2011,782,medium,,,,no,Auswärtige Angelegenheiten - Regelmäßige Unterrichtung der Öffentlichkeit über Afghanistan-Einsatz
14432,11.10.2010,10.08.2011,778,low,,,,no,Ausbildungsförderung nach dem BAföG - Leistungsnachweis für die Weitergewährung der Ausbildungsförderung
11294,08.04.2010,18.05.2011,776,medium,,,,no,Arbeitnehmerüberlassung - Bessere Arbeitsbedingungen für Zeitarbeitnehmer
13278,29.07.2010,26.05.2011,775,low,,,,no,Arzneimittelwesen - Zulassung und Erstattung von Medikamenten mit cannabinoidhaltigen Wirkstoffen
12120,19.05.2010,17.03.2011,774,low,,,,no,Umsatzsteuer - Keine Erhöhung der Mehrwertsteuer
10592,05.03.2010,05.01.2011,774,low,,,,no,Anerkennung von Zeiten der Kindererziehung in der gesetzlichen Rentenversicherung - Rentenrechtliche Erhöhung für Kindererziehungszeiten vor dem 01.01.1992
8167,02.11.2009,17.01.2011,769,medium,,,,no,Insolvenzrecht - Verkürzung der Wohlverhaltensphase bei Privatinsolvenz auf 24 Monate
7500,30.09.2009,07.01.2011,754,medium,,,,no,Steuerrecht - Steuerliche Behandlung von Börsengeschäften
9130,04.01.2010,05.01.2011,744,medium,,,,no,Arbeitsvermittlung - Provisionsfreie Arbeitsvermittlung durch die Bundesagentur
6059,12.07.2009,05.05.2011,737,medium,,,,no,Förderung der Berufsausbildung - Erstattung von Fahrtkosten
4760,28.05.2009,12.01.2011,736,medium,,,,no,Arbeitslosengeld - Gewährung von Arbeitslosengeld für 24 Monate
8345,12.11.2009,31.10.2011,734,medium,,,,no,Öffentliche Aufträge - Auskömmlicher Lohn bei öffentlicher Auftragsvergabe
5057,09.06.2009,20.12.2011,731,high,,,,no,Versicherungswesen - Generelle Hunde-Haftpflichtversicherung
13043,13.07.2010,10.05.2011,730,low,,,,no,Gesetzliche Krankenversicherung - Leistungen - Anerkennung von Neurodermitis in der schweren Verlaufsform als schwerwiegende Erkrankung
8973,24.12.2009,14.01.2011,727,medium,,,,no,Unterhaltsrecht - Zeitgemäße und sozial gerechte Berechnung von Kindesunterhalt
6321,23.07.2009,11.01.2011,725,medium,,,,no,Arbeitnehmerüberlassung - Einsatz von Zeit- und Leiharbeitern
10897,19.03.2010,13.04.2011,723,medium,,,,no,Arbeitslosengeld II - Verbot des Hausbesuchs durch Ermittler (Kontrolleure) der Arbeitsagentur oder Jobcenter bei Arbeitslosengeld II-Empfängern
14352,06.10.2010,26.07.2011,722,low,,,,no,Heilhilfsberufe - Änderung der Ausbildungs- und Prüfungsordnung für Krankenpflegeberufe
8674,05.12.2009,06.07.2011,722,medium,,,,no,Private Krankenversicherung - Umgang mit vertraulichen Patientendaten und Datenschutz
16363,02.02.2011,11.10.2011,703,low,,,,no,Mineralölsteuer - Senkung der Mineralöl- und Mehrwertsteuer auf Heizöl
11044,26.03.2010,11.04.2011,701,medium,,,,no,Gesetzliche Krankenversicherung - Leistungen - Kostenerstattung bei Rettungsdiensteinsätzen ohne Transport ins Krankenhaus
15261,12.11.2010,21.07.2011,700,low,,,,no,Naturschutz und Ökologie - Schaffung eines Bundesbaumschutzgesetzes
15855,21.12.2010,02.08.2011,693,low,,,,no,Straßenverkehrsordnung - Tempolimit für Lkw bei Eis und Schnee
14220,29.09.2010,29.07.2011,687,low,,,,no,Sozialrecht - Anrechnung von Erwerbsunfähigkeitsrenten nach dem SGB XII
14156,27.09.2010,10.08.2011,684,low,,,,no,Bundesagentur für Arbeit - Einrichtung eines Online-Portals für ARGEN/JobCenter
8358,13.11.2009,11.07.2011,679,medium,,,,no,Schuldrecht - 14-tägiges Widerrufsrecht bei Vertragsabschlüssen
12806,26.06.2010,18.05.2011,679,low,,,,no,Organisation der Bundesagentur für Arbeit - Scannen von Schriftverkehr durch externen privaten Dienstleister
13593,17.08.2010,15.07.2011,675,low,,,,no,Ärzte - Transparente und verständliche Darstellung der Arztleistung für den Patienten
9284,10.01.2010,07.01.2011,674,medium,,,,no,Kindergeld/Kinderzuschlag - Anhebung der Altersgrenze für Kindergeldbezug
8121,29.10.2009,07.01.2011,671,medium,,,,no,Umsatzsteuer - Ermäßigter Steuersatz für Mineralwasser
8572,27.11.2009,05.07.2011,666,medium,,,,no,Parlamentsreform - Verringerung der Anzahl der Mitglieder des Deutschen Bundestages
3933,28.04.2009,11.05.2011,657,high,,,,no,Einkommensteuer - Wertpapiere
13106,17.07.2010,27.06.2011,655,low,,,,no,Umwelt und Gesundheit - Verbot der Haltung gefährlicher Tiere
5137,12.06.2009,19.04.2011,655,medium,,,,no,Arzneimittelwesen - Zwangsabgabe für unabhängige Arzneimittelforschung
8357,13.11.2009,18.05.2011,647,medium,,,,no,Krankenversorgung der Beamten - Abschaffung der Beihilfe
9283,10.01.2010,26.07.2011,645,medium,,,,no,Steuerpolitik - Überarbeitung des Wachstumsbeschleunigungsgesetzes, keine zusätzliche Verschuldung
4513,19.05.2009,09.11.2011,640,high,,,,no,Arbeitsgerichtsbarkeit - Übernahme der Prozess- und Anwaltskosten durch den Arbeitgeber
15689,09.12.2010,09.12.2011,633,medium,,,,no,Wertpapierhandel - Mehr Schutz bei Übernahmen für Unternehmen, Aktionäre und Mitarbeiter
15037,08.11.2010,31.10.2011,631,low,,,,no,Krankenhauswesen - Verpflichtender Personalschlüssel für Pflegepersonal
12073,17.05.2010,06.07.2011,630,medium,,,,no,Umsatzsteuer - Reduzierter Steuersatz für Fleisch-, Milch- und Ei-Ersatzprodukte
10436,01.03.2010,17.01.2011,627,low,,,,no,Ärzte - Abschaffung der Kassenärztlichen Vereinigungen
9757,30.01.2010,20.10.2011,623,medium,,,,no,Gesetzliche Krankenversicherung - Einführung einer Bürgerversicherung
9911,07.02.2010,20.12.2011,620,medium,,,,no,Branntweinmonopol - Unbürokratische Freigabe von Dampfdestillationsanlagen
11432,15.04.2010,30.05.2011,620,medium,,,,no,Kassenarztrecht - Keine strengen Richtgrößen für Medikamente und Heilmittel
11465,18.04.2010,18.04.2011,620,medium,,,,no,Umsatzsteuer - Erhöhung der Mehrwertsteuer für Milch- und Fleischprodukte
7077,04.09.2009,17.03.2011,611,medium,,,,no,Arbeitslosengeld II - Wiedereinführung der Kinderbekleidungspauschale
9568,21.01.2010,11.05.2011,610,medium,,,,no,Bankenwesen - Verbesserung des Anlegerschutzes durch die Möglichkeit der Sammelklage
12916,05.07.2010,29.07.2011,608,medium,,,,no,Straßenverkehrsordnung - Änderung der StVO: Parkerleichterungen für Oberschenkelamputierte
10403,28.02.2010,10.08.2011,603,medium,,,,no,Hilfe für Behinderte - Konsequente Umsetzung der Gleichstellung Behinderter in Bezug auf die Zugänglichkeit öffentlicher Einrichtungen
8831,14.12.2009,05.07.2011,603,medium,,,,no,Entwicklungshilfe - Übersicht über Entwicklungshilfeleistungen
11885,11.05.2010,13.04.2011,598,low,,,,no,Gesetzliche Krankenversicherung - Leistungen - Einführung der Gesundheitskarte aussetzen
9153,05.01.2010,17.03.2011,598,medium,,,,no,Arbeitslohn - Arbeitszeitberechnung und Mindestlohn für Berufskraftfahrer
9671,26.01.2010,16.11.2011,594,medium,,,,no,Gesetzliche Krankenversicherung - Beiträge - Gesetzliche Regelungen zur Verhinderung der Zusatzbeiträge in der gesetzlichen Krankenversicherung
14420,11.10.2010,30.05.2011,589,low,,,,no,Mineralölsteuer - Einheitliche Energiesteuersätze für Diesel und Benzin
6610,09.08.2009,10.08.2011,588,high,,,,no,Tierschutz - Änderung der Fangquotenregelung
16172,19.01.2011,21.12.2011,571,low,,,,no,Arbeitsvermittlung - Reduzierung der Anzahl der \Job Börsen\, Personaldienstleister und Arbeitsvermittler
9526,20.01.2010,18.05.2011,571,medium,,,,no,Arbeitslosengeld II - Erhöhung der Rentenanwartschaften für Arbeitlsosengeld II-Empfänger
5388,21.06.2009,14.02.2011,563,medium,,,,no,Sozialgerichtsbarkeit - Verkürzung von Sozialgerichtsprozessen
10281,24.02.2010,06.07.2011,558,medium,,,,no,Arbeitslosengeld II - Abschaffung der Eingliederungsvereinbarung
1352,04.12.2008,27.04.2011,557,high,,,,no,Bundesagentur für Arbeit - Gebührenfreie Telefonnummer
8548,25.11.2009,02.12.2011,554,high,,,,no,Petitionsrecht - Öffentliche Petition
8952,22.12.2009,07.01.2011,552,medium,,,,no,Gesundheitswesen - Maßnahmen zur Steigerung der Bereitschaft zur Organspende
10097,16.02.2010,13.04.2011,551,medium,,,,no,Arbeitslosengeld II - Einführung eines Grundsicherungssystems anstelle des Arbeitslosengeldes II
4567,21.05.2009,05.05.2011,550,high,,,,no,Erziehungsgeld/Elterngeld - Verbesserung der Berechnungsgrundlage
15255,12.11.2010,06.07.2011,548,low,,,,no,Energiewirtschaft - Grundrecht auf Energieversorgung
10510,03.03.2010,18.04.2011,547,medium,,,,no,Abfallwirtschaft - Reduzierung der Verwendung von Umverpackungen
1621,31.12.2008,28.02.2011,543,high,,,,no,Energiewirtschaft - Strom für staatliche Einrichtungen
14608,20.10.2010,21.07.2011,540,low,,,,no,Kraftfahrzeugtechnik - Energiesparende Reifen und Bremsenergierückgewinnungsysteme
8112,29.10.2009,02.12.2011,539,high,,,,no,Zivildienst - Keine Verkürzung des Wehr- und Zivildienstes
11005,25.03.2010,06.07.2011,537,medium,,,,no,Arbeitslosengeld - Regelungen zur besseren Berücksichtigung von Kindererziehungszeiten
8562,26.11.2009,07.01.2011,536,medium,,,,no,Gesetzliche Krankenversicherung - Leistungen - Jahresabrechnung über abgerechnete Leistungen für gesetzlich Versicherte
9832,02.02.2010,05.01.2011,536,low,,,,no,Regelungen zur Altersrente - Altersrente mit 63 Jahren ohne Abschläge nach 49jährigem Arbeitsleben
8150,01.11.2009,05.07.2011,532,medium,,,,no,Zulassung zum Straßenverkehr - Verbot von Xenon-Scheinwerfern
5744,01.07.2009,16.11.2011,531,high,,,,no,Baurecht - Energieautarke Häuser als gesetzlicher Standard in der Zukunft
11732,04.05.2010,13.04.2011,531,low,,,,no,Steuerrecht - Einführung einer Motorbootsteuer
1686,05.01.2009,02.12.2011,528,high,,,,no,Alternative Energiequellen - Definitionen
13446,05.08.2010,29.07.2011,523,low,,,,no,Förderung der beruflichen Weiterbildung - Anpassungsqualifizierungen auch für über 40jährige
11839,08.05.2010,14.02.2011,523,low,,,,no,Deutscher Bundestag - Wahl der Richter des Bundesverfassungsgerichts
4095,06.05.2009,17.03.2011,522,medium,,,,no,Internet - Internationale Vereinbarungen zum Kinder- und Jugendschutz
12196,24.05.2010,26.07.2011,509,medium,,,,no,Arbeitslosengeld II - Zuverdienst von Kindern und Jugendlichen an ein bedarfsgerechtes Niveau anpassen
2890,25.02.2009,15.02.2011,504,high,,,,no,Datenschutz - Handel mit Daten
2112,30.01.2009,04.11.2011,498,high,,,,no,Gesetzliche Krankenversicherung - Vollständige Reform des Krankenkassensystems
11925,12.05.2010,17.01.2011,497,low,,,,no,Gleichstellungsrecht - Quote für männliche Erzieher und Lehrkräfte
14128,26.09.2010,21.07.2011,496,low,,,,no,Preisrecht - Preisbindung bei ebooks
9375,14.01.2010,06.07.2011,496,medium,,,,no,Zulassung zum Straßenverkehr - Feinstaubplakette mit Fahrzeug-Identifikations-Nummer
10197,21.02.2010,11.10.2011,494,medium,,,,no,Gesetzliche Krankenversicherung - Beiträge - Gesetzliche Krankenversicherung - Keine Zusatzbeiträge für Empfänger von Grundsicherung
9768,31.01.2010,20.12.2011,491,medium,,,,no,Erbrecht - Erbrechtliche Gleichstellung eheähnlicher Gemeinschaften gegenüber Ehepaaren.
2080,28.01.2009,15.02.2011,488,high,,,,no,Bundespräsident - Prüfung von Gesetzen
7478,28.09.2009,17.03.2011,485,medium,,,,no,Wahlrecht - Wahlscheine für blinde und sehbehinderte Menschen
6944,27.08.2009,27.04.2011,482,medium,,,,no,Wahlrecht - Rechtsweg gegen die Entscheidungen des Bundeswahlleiters
6810,22.08.2009,20.12.2011,480,high,,,,no,Sicherheit im Straßenverkehr - Einheitliche Rettungskarte zur Personenbefreiung
10071,14.02.2010,31.10.2011,478,medium,,,,no,Hilfsmittel/Heilmittel - Anpassung der Festbetragsregelung für Hörgeräte
1899,18.01.2009,11.05.2011,477,high,,,,no,Umweltpolitik - Gesundheits-Umwelt-Prämie
8440,18.11.2009,21.12.2011,476,high,,,,no,Abfallwirtschaft - Ausweitung des Pfands bei Getränkeverpackungen
10061,13.02.2010,06.07.2011,476,medium,,,,no,Besonderer Teil des Strafgesetzbuches - Abänderung des Strafrechtsänderungsgesetzes zur Genitalverstümmelung
12127,20.05.2010,26.05.2011,475,medium,,,,no,Bankenwesen - Transparenz und Verlässlichkeit von Ratingverfahren
13609,18.08.2010,10.08.2011,465,medium,,,,no,Deutsche Bundesbank - Vergabe von Druckaufträgen der Bundesbank
8096,28.10.2009,11.01.2011,461,medium,,,,no,Arbeitnehmerüberlassung - Entlohnung
12892,03.07.2010,05.05.2011,457,low,,,,no,Arbeitslosengeld II - Aufschlüsselung der Beträge für Unterkunft, Heizung und Nebenkosten in ALG II-Bescheiden
15607,05.12.2010,31.10.2011,454,low,,,,no,Reformvorschläge in der Sozialversicherung - Neuregelung der Krankenversicherung
9462,18.01.2010,27.06.2011,454,medium,,,,no,Straßenverkehrsordnung - Aufhebung des Rechtsüberholverbots auf Bundesautobahnen
12159,21.05.2010,19.04.2011,451,low,,,,no,Ärzte - Berechnung von Sonderleistungen nur nach Zustimmung
4795,30.05.2009,11.05.2011,449,high,,,,no,Steuerpolitik - Absetzbarkeit von Führerscheinkosten
10780,12.03.2010,06.07.2011,447,medium,,,,no,Entwicklungshilfe - Gewährung von Mitteln aus der Entwicklungshilfe bei Einhaltung der Menschenrechte
6040,12.07.2009,20.12.2011,446,high,,,,no,Einkommensteuer - Abschaffung des Ehegattensplittings
7240,15.09.2009,11.07.2011,446,medium,,,,no,Umsatzsteuer - Ermäßigter Mehrwertsteuersatz für Waren des Familienbedarfs
13028,12.07.2010,02.08.2011,445,medium,,,,no,Straßenverkehrsrecht - Autofreier Sonntag und allgemeine Geschwindigkeitsbeschränkung
3695,08.04.2009,09.11.2011,444,high,,,,no,Gesetzliche Krankenversicherung - Leistungen - Behandlungskosten von Gewaltopfern
7479,28.09.2009,17.03.2011,444,medium,,,,no,Ausbildungsförderung nach dem BAföG - Elternunabhängige Förderung
10871,17.03.2010,06.07.2011,439,medium,,,,no,Arbeitnehmerüberlassung - Regelungen zum Kündigungs- bzw. Beschäftigungsschutz im Arbeitnehmerüberlassungsgesetz (AÜG)
11119,30.03.2010,13.04.2011,438,medium,,,,no,Gesetzliche Krankenversicherung - Beiträge - Beitrag für unbezahlte Praktikanten wie für Studierende
10161,18.02.2010,20.12.2011,433,medium,,,,no,Arbeitslosengeld II - Streichung des § 16d Zweites Buch Sozialgesetzbuch \Arbeitsangelegenheit mit Mehraufwandsentschädigung\
1501,17.12.2008,10.11.2011,431,high,,,,no,Klimaschutz - Abgabe für CO²-Emissionen
10636,07.03.2010,16.11.2011,430,medium,,,,no,Erziehungsgeld/Elterngeld - Ausdehnung der Kopplung des Bezugszeitraums von Elterngeld von 14 auf 36 Monate
7984,23.10.2009,09.11.2011,425,high,,,,no,Arbeitnehmerüberlassung - Zeit- und Leiharbeitsfirmen
10789,13.03.2010,11.01.2011,424,low,,,,no,Hilfe für Behinderte - Persönliches Budget als einkommens- und vermögensunabhängige Leistung
8427,18.11.2009,01.03.2011,421,medium,,,,no,Namensrecht - Mitspracherecht bei Namensänderung für Kinder ab 14 Jahre
12480,08.06.2010,01.03.2011,419,low,,,,no,Körperschaftsteuer - Erhöhung der Körperschaftsteuer
4802,30.05.2009,02.12.2011,416,high,,,,no,Versicherungswesen - Umsetzung des Allgemeinen Gleichbehandlungsgesetzes
6735,17.08.2009,17.03.2011,415,medium,,,,no,Arbeitslosengeld - Sozialversicherung während der Sperrfrist
8444,18.11.2009,02.12.2011,409,high,,,,no,Arbeitslosengeld II - Verweigerung der Regelleistung bei zu erwartendem Einkommen
11365,13.04.2010,01.04.2011,408,medium,,,,no,Erbschaftsteuer - Höherer Erbschaftssteuerfreibetrag für Geschwister und deren Kinder
6769,19.08.2009,28.02.2011,408,medium,,,,no,Verbraucherschutz - Umweltampel
13498,09.08.2010,30.05.2011,406,low,,,,no,Arbeitsmarktpolitik - Wochenstundenzahl bei Minijobs unter  fünfzehn Stunden
5270,17.06.2009,02.12.2011,405,high,,,,no,Immissionsschutz - Keine Eintragung des Kennzeichens in Feinstaubplaketten
9871,04.02.2010,20.12.2011,404,medium,,,,no,Arbeitslosengeld II - Zusatzleistungen bei bestimmten Härtefällen für Langzeitarbeitslose
13183,23.07.2010,15.07.2011,391,medium,,,,no,Arbeitszeit - Arbeitszeitkonto auch für geringfügig Beschäftigte
7562,02.10.2009,01.03.2011,389,medium,,,,no,Straßenverkehrsordnung - Fahrrad fahren auf dem Gehweg
14092,24.09.2010,21.07.2011,385,low,,,,no,Gesetzliche Krankenversicherung - Leistungen - Gebühr für Kranken- oder Rettungswageneinsatz
3005,04.03.2009,27.06.2011,383,medium,,,,no,Gesundheitsvorsorge - Kampagne gegen Säuglingsschütteln
10566,04.03.2010,18.04.2011,383,medium,,,,no,Kraftfahrzeugsteuer - Abschaffung der Kfz.-Steuer für PKW-Anhänger
7899,19.10.2009,20.10.2011,381,high,,,,no,Gesetzliche Krankenversicherung - Beiträge - Keine gesetzliche Beitrags-Mindestgrenze
13783,29.08.2010,21.12.2011,378,medium,,,,no,Krankenhauswesen - Keine Arztkleidung in Klinik-Mensen
10884,18.03.2010,11.10.2011,374,medium,,,,no,Versicherungsvertragsrecht - Änderung des § 202 des Versicherungsvertragsgesetzes zur direkten Auskunftspflicht gegenüber des Versicherten
7279,17.09.2009,10.08.2011,374,medium,,,,no,Klimaschutz - Priorität für Schutz des Regenwaldes
10514,03.03.2010,02.08.2011,372,medium,,,,no,Versicherungsvertragsrecht - Pflicht-Haftpflichtversicherung
8511,23.11.2009,27.04.2011,371,medium,,,,no,Schuldrecht - Einheitliche Schrift und Schriftgröße in Verträgen
2117,30.01.2009,21.12.2011,370,high,,,,no,Abfallwirtschaft - Altbatterien
8566,27.11.2009,14.02.2011,369,medium,,,,no,Gesetzliche Krankenversicherung - Mitgliedschaft - Rückkehr von privat Versicherten in die gesetzliche Krankenversicherung
4138,07.05.2009,29.07.2011,366,high,,,,no,Steuerrecht - Obergrenze bei Grunderwerb und Grundsteuer
2903,26.02.2009,10.08.2011,362,high,,,,no,Kündigungsschutz - Verdachtskündigung
15113,09.11.2010,05.07.2011,362,low,,,,no,Straßenverkehrsordnung - Verwendung von \Dash-Lights\ und \Deck-Lights\ bei Einsatzfahrzeugen
1100,14.11.2008,07.02.2011,362,high,,,,no,Unterhaltsrecht - Betreuungsunterhalt
7060,03.09.2009,10.08.2011,361,medium,,,,no,Fürsorge für Soldaten - Kostenfreie Kommunikation mit dem Heimatland
9773,31.01.2010,20.12.2011,360,medium,,,,no,Bankenwesen - Warnhinweis statt Allgemeine Geschäftsbedingungen bei Geldgeschäften
16072,11.01.2011,09.12.2011,360,low,,,,no,Arbeitsmarktpolitik - Vorlage der Arbeitsverträge bei Mini-Jobs
9862,04.02.2010,18.05.2011,358,medium,,,,no,Lebens- und Genussmittel - Warnhinweis auf Verpackungen mit alkoholischen Getränken
4456,16.05.2009,02.12.2011,356,high,,,,no,Mietrecht - Schönheitsreparaturen
11545,22.04.2010,02.08.2011,355,medium,,,,no,Zulassung zum Straßenverkehr - Regelmäßige technische Kontrolle für Mofas/Motorroller ohne Kfz.-Kennzeichen
8637,02.12.2009,06.04.2011,354,medium,,,,no,Einkommensteuer - Absetzbarkeit privater Aufwendungen für Fitness- und Gesundheitsstudios
13008,11.07.2010,15.07.2011,352,medium,,,,no,Gesetzliche Krankenversicherung - Leistungen - Identitätsprüfung bei Arztbesuchen
7472,28.09.2009,05.05.2011,351,medium,,,,no,Wahlrecht - Ersatzstimme jeweils für Erst- und Zweitstimme
12750,22.06.2010,03.08.2011,347,medium,,,,no,Private Krankenversicherung - Unterstützung der gesetzlichen Krankenversicherungen durch die privaten Krankenversicherungen
11024,26.03.2010,18.04.2011,347,medium,,,,no,Energiewirtschaft - Einsparungen durch Dimmen von Beleuchtungssystemen
10356,26.02.2010,18.04.2011,347,medium,,,,no,Arzneimittelwesen - Verwendung von Botox ausschließlich für medizinisch notwendige Zwecke
5729,01.07.2009,01.04.2011,343,medium,,,,no,Straßenverkehrsordnung - \Rechts vor links\ statt \Vorrang-Regelung\
11546,23.04.2010,26.05.2011,338,medium,,,,no,Bergbau - Änderung des Bundesberggesetzes: Bewahrung der Lebensqualität
8571,27.11.2009,01.04.2011,335,medium,,,,no,Steuerpolitik - Prüfung aller Einsparpotentiale vor Erhöhung von Abgaben, Gebühren und Steuern
9735,29.01.2010,14.01.2011,334,medium,,,,no,Private Krankenversicherung - Eindämmung der zu erwartenden Beitragserhöhungen in der PKV
5429,22.06.2009,11.05.2011,332,medium,,,,no,Grundsatzfragen zum Beitrags- und Versicherungsrecht in der gesetzlichen Rentenversicherung - Höherer Beitrag für Kinderlose
12617,12.06.2010,18.04.2011,332,low,,,,no,Einkommensteuer - Ersatzlose Streichung der Pendlerpauschale
10851,16.03.2010,13.04.2011,331,medium,,,,no,Abfallwirtschaft - Erweiterung des Dualen Systems
14609,20.10.2010,21.12.2011,330,medium,,,,no,Internet - Gesonderte Domainendungen für staatliche Internetseiten
4972,06.06.2009,04.11.2011,327,high,,,,no,Arbeitslosengeld II - Einführungskurse für Arbeitslosengeld II-Empfänger
15759,14.12.2010,02.08.2011,326,low,,,,no,Kraftfahrzeugsteuer - Kfz.-Steuer ausschließlich nach Grad der Straßennutzung und -abnutzung
10169,19.02.2010,13.04.2011,325,medium,,,,no,Arbeitslosengeld II - Keine Verrechnung beim Zusammentreffen von Arbeitslosengeld II oder Rente mit anderen Einkommen (Versicherungen)
13270,29.07.2010,15.07.2011,322,medium,,,,no,Gesetzliche Krankenversicherung - Leistungen - Bundeseinheitliche Kostenübernahmeregelungen bei Vorsorgeuntersuchungen
6934,27.08.2009,17.03.2011,317,medium,,,,no,Gesetzliche Krankenversicherung - Beiträge - Studentische Krankenversicherung
10109,16.02.2010,02.08.2011,315,medium,,,,no,Zulassung zum Straßenverkehr - Einführung eines lebenslangen Kfz.-Kennzeichens
11072,28.03.2010,29.07.2011,314,medium,,,,no,Bankenwesen - Bundeseinheitliche Regelung für \Cashback\
7799,14.10.2009,05.07.2011,314,medium,,,,no,Jugendschutz - Regelungen zum Alkoholkonsum durch Jugendliche
11496,20.04.2010,18.04.2011,314,medium,,,,no,Organisation der Sozialversicherung - Keine weitere Bezügezahlung ohne Arbeitsleistung
6211,19.07.2009,11.01.2011,314,medium,,,,no,Eigenleistungen - Praxisgebühr fairer und flexibler
925,29.10.2008,18.05.2011,313,high,,,,no,Bankenwesen - Kostenlose Girokontoführung
9651,26.01.2010,06.04.2011,312,medium,,,,no,Suchtgefahren - Aufnahme von Ethanol ins Betäubungsmittelgesetz (Anhang II)
11858,09.05.2010,18.04.2011,309,low,,,,no,Gesundheitswesen - Flächendeckende Vorhaltung von Defibrillatoren (AED)
4566,21.05.2009,11.05.2011,308,high,,,,no,Gesundheitsvorsorge - Gesundheitsrisiken der Scheidungswaisen
1563,23.12.2008,08.02.2011,307,high,,,,no,Pflanzenschutz - \Pflanzenschutzpaket\ der EU
9631,24.01.2010,20.12.2011,306,medium,,,,no,Steuerpolitik - Berücksichtigung von Kosten für Kinder bei Steuern und Sozialabgaben
10435,01.03.2010,20.10.2011,299,medium,,,,no,Verbraucherschutz - Verordnung Nr. 852 der EU über Lebensmittelhygiene
14633,21.10.2010,06.07.2011,299,low,,,,no,Steuerpolitik - Schaffung einer Lärmsteuer
5522,24.06.2009,17.03.2011,299,medium,,,,no,Dienstzeitversorgung der Soldaten auf Zeit - Dienstzeitversorgung der Soldaten auf Zeit
6957,28.08.2009,20.12.2011,296,high,,,,no,Verbraucherschutz - Verwendung von Schadstoffen bei der Fertigung von Kinderwagen
13169,22.07.2010,21.07.2011,295,medium,,,,no,Energiepreise - Anzeige der Kraftstoffpreise an Autobahnen
8170,03.11.2009,06.04.2011,293,medium,,,,no,Solidaritätszuschlag - Künftige Verwendung des Solidaritätszuschlags
13544,12.08.2010,15.07.2011,291,low,,,,no,Gesetzliche Krankenversicherung - Leistungen - Kostenerstattung für Kondome statt für hormonelle Kontrazeptiva
13074,16.07.2010,13.04.2011,291,low,,,,no,Steuerpolitik - Keine Einführung einer Flugticketsteuer
7268,16.09.2009,17.03.2011,290,medium,,,,no,Einkommensteuer - Absetzbarkeit von Kinderbetreuungskosten
10290,24.02.2010,20.12.2011,289,medium,,,,no,Arbeitslosengeld - Verlängerung der Bezugszeit von ALG I bei Maßnahmen für ALG II-Empfänger
14193,28.09.2010,10.08.2011,288,low,,,,no,Sicherheit im Straßenverkehr - Pflicht zur Überprüfung der Lichtanlagen bei  Kraftfahrzeugen
2979,03.03.2009,30.05.2011,287,medium,,,,no,Gesundheitsvorsorge - Kostenlose Impfungen vom Schularzt
15534,29.11.2010,06.07.2011,286,low,,,,no,Jugendarbeitsschutz - Regelungen zur Abgabe von Alkohol und Tabak an Jugendliche durch Arbeitgeber
2164,31.01.2009,30.05.2011,280,high,,,,no,Arzneimittelpreise - Preissenkung
14717,26.10.2010,16.11.2011,278,medium,,,,no,Verbraucherschutz - Kennzeichnung von Tabakwaren
13160,21.07.2010,15.07.2011,277,medium,,,,no,Betriebliche Mitbestimmung - Personenwahl statt Listenwahl
13841,03.09.2010,21.07.2011,276,low,,,,no,Strafprozessordnung - Einsatz der Magnetresonanztomographie als Beweismittel vor Gericht
9955,09.02.2010,20.10.2011,275,medium,,,,no,Annahme als Kind - Erleichterung der Adoption von Kindern
7969,22.10.2009,05.05.2011,274,medium,,,,no,Heimrecht - Kostenübernahme durch Heimträger bei unsachgemäßer Pflege
8954,22.12.2009,01.04.2011,274,medium,,,,no,Förderung der beruflichen Weiterbildung - Gewährung von zinslosen Krediten für nicht förderfähige Weiterbildungsmaßnahmen
11867,09.05.2010,06.07.2011,273,medium,,,,no,Namensrecht - Wahl des Nachnamens des Kindes bei Heirat der leiblichen Eltern
3356,19.03.2009,05.01.2011,273,medium,,,,no,Vergütung für medizinische Leistungen - Psychische Erkrankungen
15499,26.11.2010,29.07.2011,272,low,,,,no,Sicherheit im Straßenverkehr - Koppelung von Tagfahrlicht und Rücklicht
7186,13.09.2009,21.12.2011,271,high,,,,no,Arbeitsmarktpolitik - Kein Minijob ohne sozialversicherungspflichtiges Hauptbeschäftigungsverhältnis
14791,30.10.2010,10.08.2011,269,low,,,,no,Tarifvertragsrecht - Regelungen zu Ausschlussfristen
4081,06.05.2009,14.01.2011,263,medium,,,,no,Kindergeld/Erziehungsgeld/Elterngeld - Zusammenführung von \Kindergeld\ und \Elterngeld\
13599,17.08.2010,10.08.2011,258,medium,,,,no,Sozialversicherung - Sozialversicherungsbeiträge auf alle Einkommensarten
12356,03.06.2010,18.04.2011,257,low,,,,no,Deutscher Bundestag - Umbenennung des \Reichstagsgebäudes\ in \Bundestagsgebäude\
10809,14.03.2010,13.04.2011,257,medium,,,,no,Arbeitnehmerüberlassung - Begrenzung der Anzahl von Zeitarbeitsfirmen pro Stadt/Ort
12909,04.07.2010,10.08.2011,255,medium,,,,no,Ausbildungsförderung nach dem BAföG - Anerkennung von Zeiten des Wehr- oder Zivildienstes
9989,10.02.2010,06.07.2011,255,medium,,,,no,Einkommensteuer - Volle Absetzbarkeit der Kinderbetreuungskosten bei Selbständigen
12655,15.06.2010,29.07.2011,251,medium,,,,no,Straßenverkehrsordnung - Markierungen am Fahrbahnrand statt Park-/Haltverbotsschilder
10845,16.03.2010,18.04.2011,251,medium,,,,no,Militärische Tiefflüge - Militärische Flüge - Gleichmäßige Verteilung der Lärmbelastung durch militärische Übungsflüge
6700,15.08.2009,09.11.2011,248,high,,,,no,Arbeitslosengeld II - Bewilligung von Darlehen
12679,16.06.2010,29.07.2011,248,medium,,,,no,Ausschüsse des Deutschen Bundestages - Rückverlagerung der Ausschussberatungen ins Plenum
6457,29.07.2009,07.02.2011,248,medium,,,,no,Private Krankenversicherung - Übernahme der Kosten der PKV oder Aufnahme in die GKV für ALG II-Bezieher
684,05.08.2008,07.01.2011,247,high,,,,no,Arbeitslohn - Mindestvergütung für Auszubildende
6751,18.08.2009,20.12.2011,245,high,,,,no,Energiewirtschaft - Preisanpassung für Energiesparlampen
8400,16.11.2009,20.10.2011,244,medium,,,,no,Einkommensteuer - Streichung der Freibeträge für Kinder
6015,10.07.2009,05.05.2011,244,medium,,,,no,Arbeitslohn - Gehalt für Hausfrauen/Hausmänner
7008,31.08.2009,20.10.2011,242,high,,,,no,Arbeitslosengeld - Ausnahme zur Arbeitslosmeldung innerhalb von 3 Tagen
6941,27.08.2009,01.04.2011,242,medium,,,,no,Bemessungsgrundlage in der gesetzlichen Rentenversicherung - Arbeitslosengeld II-Empfänger
8372,14.11.2009,01.03.2011,240,medium,,,,no,Jugendarbeitsschutz - Freistellung von minder- und volljährigen Auszubildenden an Berufsschultagen
11617,27.04.2010,18.04.2011,238,medium,,,,no,Gesetzliche Krankenversicherung - Leistungen - Computertomographien wegen Strahlenbelastung nur in Ausnahmefällen
3707,09.04.2009,10.11.2011,234,high,,,,no,Reformvorschläge in der Sozialversicherung - Neuordnung der Krankenversicherungen
15744,13.12.2010,11.07.2011,233,low,,,,no,Arbeitsvermittlung - Vermittlungsgutschein
6736,17.08.2009,09.11.2011,231,high,,,,no,Arbeitslosengeld II - Anspruch von Auszubildenden
10288,24.02.2010,10.08.2011,229,medium,,,,no,Einkommensteuer - Steuerliche Absetzbarkeit von Unterhalt für nichteheliche Kinder
10787,13.03.2010,20.10.2011,228,medium,,,,no,Hilfe für Behinderte - Änderung der Ausgleichsabgabe für unbesetzte Pflichtplätze für schwerbehinderte Menschen
3172,12.03.2009,26.05.2011,228,medium,,,,no,Ausbildungsförderung nach dem BAföG - Förderung von Fachhochschulabsolventen
9268,09.01.2010,11.07.2011,227,medium,,,,no,Steuerrecht - Keine steuerliche Benachteiligung für getrennt lebende Eheleute
10213,22.02.2010,20.12.2011,221,medium,,,,no,Betrieblicher Arbeitsschutz - Aufbewahrungspflicht für Gefährdungsanalysedokumente (Gefahrstoffverordnung)
13759,27.08.2010,21.07.2011,219,low,,,,no,Umsatzsteuer - Erhöhung der Mehrwertsteuer und Senkung der Lohnsteuer
9779,31.01.2010,06.07.2011,219,medium,,,,no,Strafen nach dem Strafgesetzbuch - Ergänzung des Strafgesetzbuches in § 20 (Schuldunfähigkeit wegen seelischer Störungen)
11070,28.03.2010,06.07.2011,219,medium,,,,no,Schuldrecht - Änderung des § 655d Bürgerliches Gesetzbuch (Nebenentgelte für Darlehensvermittler)
10196,21.02.2010,20.10.2011,218,medium,,,,no,Gesetzliche Krankenversicherung - Beiträge - Kein Zusatzbeitrag für Bezieher von Waisen- und Halbwaisenrenten
14785,30.10.2010,10.08.2011,217,low,,,,no,Sicherheit im Straßenverkehr - Gesetz zur Einführung der Winterreifenpflicht
12828,29.06.2010,11.07.2011,215,medium,,,,no,Steuerrecht - Keine bevorzugte Behandlung von ELSTER-Steuererklärungen
7201,13.09.2009,17.03.2011,215,medium,,,,no,Strafvollstreckung - Aussetzung des Strafrestes bei lebenslanger Strafe erst nach 20 Jahren
792,16.10.2008,15.02.2011,215,high,,,,no,Bankenwesen - Reform der Einlagensicherung
13082,16.07.2010,15.07.2011,214,medium,,,,no,Gesetzliche Krankenversicherung - Leistungen - Zuzahlungsbefreiung bei 12-Stundenpräparat für ADHS-erkrankte Kinder
6519,02.08.2009,30.05.2011,206,medium,,,,no,Gesetzliche Krankenversicherung - Beiträge - Keine fiktive Festlegung
8591,29.11.2009,02.12.2011,205,high,,,,no,Arzneimittelpreise - Festbetragssystem für Arzneimittel
1122,16.11.2008,11.07.2011,202,high,,,,no,Allgemeiner Teil des Strafgesetzbuches - Erneute Anklage bei neuer Beweislage
961,01.11.2008,05.05.2011,201,high,,,,no,Preisrecht - Angabe von Gesamtpreisen
1779,12.01.2009,02.08.2011,200,high,,,,no,Grundgesetz - Generationengerechte Finanzpolitik
11394,14.04.2010,29.07.2011,199,medium,,,,no,Arbeitslosengeld - Koppelung der Sperrzeit von Arbeitslosengeld an die Häufigkeit des Meldeversäumnisses
11879,10.05.2010,26.05.2011,197,medium,,,,no,Energiewirtschaft - Investitionsschutz für Freiflächen-Solaranlagen
5173,14.06.2009,11.05.2011,196,medium,,,,no,Förderungsmaßnahmen für Forschungsvorhaben - Förderung der Sozialpsychiatrieforschung
1673,05.01.2009,11.05.2011,196,high,,,,no,Wertpapierhandel - Verjährungsfristen
15273,13.11.2010,26.07.2011,195,low,,,,no,Autobahnen - Sicherung von Autobahnbaustellen durch mobile Bodenwellen
9422,16.01.2010,05.07.2011,191,medium,,,,no,Vereinte Nationen (UNO) - Gründung eines \Naturkatastrophen-Koordinationsteams\ durch die UN
8178,03.11.2009,02.12.2011,189,high,,,,no,Arbeitslosengeld II - Leistungen für Unterkunft und Heizung
718,14.10.2008,18.05.2011,189,high,,,,no,Kraftfahrzeugsteuer - Wechselkennzeichen
13054,14.07.2010,15.07.2011,181,medium,,,,no,Gesetzliche Krankenversicherung - Leistungen - Keine Finanzierung von Abtreibungen ohne notfallmedizinische Indikation
10247,23.02.2010,06.07.2011,181,medium,,,,no,Arzneimittelwesen - Lockerung des Heilmittelwerbegesetzes
10198,21.02.2010,20.12.2011,180,medium,,,,no,Arbeitslosengeld - Bemessung des Arbeitslosengeldes nach der Erziehungszeit
13596,17.08.2010,20.10.2011,180,medium,,,,no,Sicherheit im Straßenverkehr - Kennzeichnungspflicht für Fahranfänger
8404,16.11.2009,06.04.2011,180,medium,,,,no,Arbeitszeit - Begrenzung der Arbeitszeit für Schwerbehinderte auf 38,5 Stunden
7103,05.09.2009,26.05.2011,179,medium,,,,no,Pflegeversicherung - Verbesserung der Versorgung durch Zeitwährung
14696,25.10.2010,26.07.2011,178,low,,,,no,Bankenwesen - Zwei-instanzielle Schlichtungsstelle für Bankstreitfälle
5869,06.07.2009,10.11.2011,174,high,,,,no,Abfallwirtschaft - Vereinfachung der Elektronikschrottverordnung
3316,18.03.2009,17.03.2011,174,medium,,,,no,Erziehungsgeld/Elterngeld - Einbeziehung von Sonderzahlungen
2208,02.02.2009,01.03.2011,173,high,,,,no,Kindergeld/Kinderzuschlag - Erhöhung des Jahresgrenzbetrages
10922,21.03.2010,18.04.2011,172,medium,,,,no,Finanzpolitik - Einschätzung der Gesamtsituation vor direkten oder indirekten Finanzzusagen
3474,25.03.2009,10.11.2011,171,high,,,,no,Feiertage - Gesetzgebungskompetenz für den Bund
1858,15.01.2009,11.10.2011,171,high,,,,no,Zulassung zum Straßenverkehr - Mindest-Fahrzeugalter für Oldtimerkennzeichen
7107,06.09.2009,04.11.2011,170,high,,,,no,Baurecht - Deckung der Anliegerkosten aus regelmäßiger, jährlicher Umlage
13208,25.07.2010,13.04.2011,170,low,,,,no,Meldewesen - Änderung des Melderechts für alleinstehende Wochenendpendler
9667,26.01.2010,27.06.2011,168,medium,,,,no,Betreuungsrecht - Erhöhung der Vergütung und des Auslagenersatzes für Berufsbetreuer
8721,08.12.2009,02.12.2011,167,high,,,,no,Unterhaltsvorschussgesetz - Anrechnung der Hälfte des Kindergeldes bei Minderjährigen
8775,11.12.2009,06.07.2011,166,medium,,,,no,Bankenwesen - Kein Hinweis mehr auf den Einlagensicherungsfond der Banken in den AGB
9604,22.01.2010,27.06.2011,166,medium,,,,no,Handelsgesetzbuch - Ergänzung des Handelsgesetzbuches in § 166 (Kontrollrecht)
7160,10.09.2009,05.01.2011,164,medium,,,,no,Arbeitslosengeld II - Einheitliche Handhabung der Unterstützung aus dem Vermittlungsbudget
6828,24.08.2009,27.04.2011,162,medium,,,,no,Zulassung zum Straßenverkehr - Wechselkennzeichen für Elektroautos
1051,10.11.2008,19.04.2011,162,high,,,,no,Verbraucherschutz - Kennzeichnungspflicht bei Verwendung von Nanopartikeln
13023,12.07.2010,10.08.2011,159,medium,,,,no,Heilhilfsberufe - Schaffung einer bundeseinheitlich tätigen Pflegekammer
7716,11.10.2009,17.03.2011,159,medium,,,,no,Straßenverkehrsordnung - Geschwindigkeitsbegrenzung für Kfz mit Fahrradträger
1453,12.12.2008,14.01.2011,159,high,,,,no,Kraftfahrzeugsteuer - Mehr Gerechtigkeit bei der emissionsabhängigen Kfz.Steuer
9569,21.01.2010,27.06.2011,158,medium,,,,no,Heilhilfsberufe - Berufsqualifizierungssicherung in der Gesundheits- und Krankenpflege
2968,03.03.2009,12.01.2011,158,medium,,,,no,Private Krankenversicherung - Soziale Gerechtigkeit
7643,07.10.2009,02.12.2011,157,high,,,,no,Gesetzliche Krankenversicherung - Grundlegende Reformierung des Krankenkassensystems
12445,07.06.2010,06.07.2011,157,medium,,,,no,Arbeitslosengeld II - Regelungen zum ALG II-Leistungsbezug für bestimmte Personenkreise
9998,10.02.2010,27.06.2011,155,medium,,,,no,Verbraucherinsolvenzverfahren - Änderungen im Verbraucherinsolvenzrecht
9901,06.02.2010,10.08.2011,154,medium,,,,no,Verwaltungsverfahren in der Sozialversicherung - Kostenfreiheit für elektronische Meldungen an die Krankenkassen
1965,21.01.2009,01.03.2011,154,high,,,,no,Private Krankenversicherung - Bestandsschutz
13438,05.08.2010,26.05.2011,153,low,,,,no,Heilhilfsberufe - Berufsförderung des Gesundheits- und Krankenpflegehelfers
1518,18.12.2008,15.02.2011,153,high,,,,no,Abbruch der Schwangerschaft - Schwangerenkonfliktberatung
1915,19.01.2009,20.10.2011,150,high,,,,no,Steuerpolitik - Flat Tax Einkommensteuer-Tarif
13084,16.07.2010,15.07.2011,145,medium,,,,no,Hilfsmittel/Heilmittel - Flächendeckender Sanitätshaus-Notdienst
9956,09.02.2010,05.07.2011,144,medium,,,,no,Leistungen bei Arbeitslosigkeit - Extra-Pauschale für Besuchstage bei getrennt lebenden Eltern mit ALG-Bezug
10179,19.02.2010,06.07.2011,142,medium,,,,no,Gesetzliche Krankenversicherung - Beiträge - Gesetzliche Krankenversicherung - Gesetzliche Gesundheitsversorgung über steuerfinanzierte Pauschalprämie pro Person
6767,19.08.2009,05.01.2011,142,medium,,,,no,Zivilprozessordnung - Gerichtsverfahren im Rahmen der Baumängelhaftung
11060,27.03.2010,26.07.2011,140,medium,,,,no,Straßenverkehrsrecht - Stopp des BKrFQG oder Finanzierung der Lehrgänge aus Steuermitteln
9970,09.02.2010,06.07.2011,140,medium,,,,no,Arbeitsmarktpolitik - Erstellung einer zentralen Internetdatenbank für Ausbildungsbetriebe
1983,23.01.2009,10.11.2011,139,high,,,,no,Regelungen zur Altersrente - Zuverdienstgrenze ab 63 Jahre
11909,12.05.2010,10.08.2011,138,medium,,,,no,Kraftfahrzeugtechnik - Automatisierter Austausch der Batterien von Elektrofahrzeugen
10779,12.03.2010,13.04.2011,137,medium,,,,no,Private Krankenversicherung - Berücksichtigung der Familiengröße bei der Festlegung der Beitragsbemessungsgrenze
7835,17.10.2009,04.11.2011,134,high,,,,no,Zollverwaltung - Bessere Bekämpfung der Schwarzarbeit
8901,18.12.2009,05.01.2011,134,medium,,,,no,Arbeitslosengeld II - Kosten des Kündigungsschutzverfahrens als Leistung zur Eingliederung
2381,08.02.2009,10.11.2011,133,high,,,,no,Eigenleistungen - Bemessungsgrundlage der Selbstbeteiligung
7075,04.09.2009,05.05.2011,132,medium,,,,no,Vorsorge/Rehabilitation - Freie Wahl der Behandlungsstätte bei Mutter-Kind-Kur
935,30.10.2008,02.12.2011,130,high,,,,no,Urheberrecht - Abgaben auf Massenspeicher
1063,10.11.2008,08.02.2011,130,high,,,,no,Kinder- und Jugendhilfe - Wiedereingliederung von Straßenkindern
13785,30.08.2010,10.08.2011,129,medium,,,,no,Reformvorschläge in der Sozialversicherung - Zentrale Einrichtung zur gesundheitlichen Begutachtung im Sozialversicherungssystem
10802,14.03.2010,03.08.2011,128,medium,,,,no,Grundsatzfragen zum Beitrags- und Versicherungsrecht in der gesetzlichen Rentenversicherung - Freiwillige Zusatz-Einzahlung in die gesetzliche Rentenversicherung
8985,26.12.2009,19.04.2011,127,medium,,,,no,Kindergeld/Kinderzuschlag - Steuerfreibetrag anstelle des Kindergeldes
9570,21.01.2010,20.12.2011,123,medium,,,,no,Straßenpersonenverkehr - Änderung des Personenbeförderungsgesetzes in § 13 (Voraussetzung der Genehmigung)
2988,04.03.2009,10.11.2011,122,high,,,,no,Energiewirtschaft - Ausstieg aus dem Atomausstieg
9758,30.01.2010,07.01.2011,122,medium,,,,no,Einkommensteuer - Steuerfreibetrag bei Aufwandsentschädigungen für Schiedsrichter wie bei Übungsleitern (2.100 \u20ac)
3335,18.03.2009,05.07.2011,119,medium,,,,no,Gesetzliche Krankenversicherung - Absicherung von zum Beispiel Saisonkräften
8019,25.10.2009,02.12.2011,117,high,,,,no,Zulassung zum Straßenverkehr - Versicherungspflicht und ABE für Fahrräder
4471,17.05.2009,10.08.2011,117,high,,,,no,Vorsorge/Rehabilitation - Runder Tisch zur Kostensenkung
16018,06.01.2011,21.07.2011,115,low,,,,no,Bauwesen - Änderungen des Entwurfs zum Neubau des Berliner Stadtschlosses
11715,02.05.2010,18.04.2011,114,low,,,,no,Naturschutz und Ökologie - Pflanzung nicht heimischer Pflanzen in der freien Landschaft
5258,16.06.2009,05.05.2011,111,medium,,,,no,Kreditwesen - Private Baukredite nur bei Eigenkapitalanteil
2173,01.02.2009,06.04.2011,109,high,,,,no,Steuerpolitik - Absetzbarkeit der Krankenkassenbeiträge
8962,23.12.2009,05.01.2011,109,medium,,,,no,Heilberufe - Rechtsschulung für Mitarbeiter/Ärzte im Fachbereich Psychologie
1001,05.11.2008,02.08.2011,108,high,,,,no,Verbraucherschutz - Standard Ökotex 100
8529,25.11.2009,27.06.2011,108,medium,,,,no,Umsatzsteuer - Umsatzsteuerfreiheit für aufgrund der SGB erbrachten Leistungen der Einzelfallhilfe
8528,24.11.2009,14.02.2011,108,medium,,,,no,Zivilprozessordnung - Ergänzung der Zivilprozessordung zu Klagefristen
6576,07.08.2009,09.11.2011,107,high,,,,no,Immissionsschutz - Ausnahmegenehmigungen für Umweltzonen
6694,15.08.2009,04.11.2011,107,high,,,,no,Immissionsschutz - Umweltzone: Kfz. mit ausländischen Kennzeichen
10133,17.02.2010,12.01.2011,107,low,,,,no,Umsatzsteuer - Keine Umsatzsteuer auf Auslands-Bahn-Tickets
8949,22.12.2009,14.02.2011,101,medium,,,,no,Gerichtskosten - Festsetzung einer Gebührenermäßigung für die Verwerfung eines Rechtsmittels
8450,19.11.2009,02.12.2011,100,high,,,,no,Wasserstraßenplanung und -bau - Fertigstellung des Saale-Elster-Kanals zur touristischen Nutzung
2306,06.02.2009,27.06.2011,98,high,,,,no,Sparförderung - Erweiterung der Informationspflichten
4538,20.05.2009,17.03.2011,97,medium,,,,no,Regelungen zur Übertragung von Renten - Versorgungsauslgeich/Hinterbliebenenrente
11926,12.05.2010,06.07.2011,96,medium,,,,no,Rechtsstellung der Soldaten - Entkoppelung von Dienstgrad und Besoldung der Soldaten
9007,27.12.2009,05.01.2011,95,medium,,,,no,Handelsgesetzbuch - Streichung der Veröffentlichungspflicht von Jahresabschlüssen für Kapitalgesellschaften
12170,22.05.2010,06.07.2011,93,medium,,,,no,Arbeitslosengeld II - Formulargestaltung für Arbeitgeberabfragen
1078,12.11.2008,18.05.2011,91,high,,,,no,Arbeitsvertragsrecht - Probezeit bei befristeten Arbeitsverhältnissen
7900,19.10.2009,09.11.2011,89,high,,,,no,Arbeitslosengeld II - Gleichstellung in der Krankenversicherung bei Arbeitslosengeld II-Empfängern und Personen mit Minijobs
11589,26.04.2010,29.07.2011,86,medium,,,,no,Handelsgesetzbuch - Novellierung des Handelsgesetzbuches (§ 325) im Zusammenhang mit der Veröffentlichung von Geschäftsabschlüssen
12498,08.06.2010,13.04.2011,85,low,,,,no,Ausbildungsförderung nach dem BAföG - Änderung der BAföG-Berechnung bei bestimmten Einkommensarten
13329,30.07.2010,11.10.2011,84,medium,,,,no,Industrie - und Handelskammern - Meisterpflicht im Gebäudereiniger-Handwerk
13497,09.08.2010,15.07.2011,83,low,,,,no,Arbeitszeit - Flexible Pausenzeiten für praktizierende Gläubige
8495,23.11.2009,20.12.2011,80,high,,,,no,Familienfragen - Höhe des geplanten Betreuungsgeldes für Kinder
14490,14.10.2010,29.07.2011,79,low,,,,no,Bundesstraßen - Ortsumfahrung Friedberg als Vordringlicher Bedarf in den Bundesverkehrswegeplan
7617,06.10.2009,17.03.2011,75,medium,,,,no,Beiträge zur gesetzlichen Unfallversicherung - Pflicht-Mitgliedschaft und Beitragspflicht
9650,26.01.2010,27.06.2011,70,medium,,,,no,Handelsgesetzbuch - Ergänzung des Handelsgesetzbuches in § 164 (Kommanditgesellschaft)
1332,03.12.2008,09.11.2011,67,high,,,,no,Umsatzsteuer - Erythritol als Lebensmittel
6876,25.08.2009,19.04.2011,62,medium,,,,no,Betriebliche Altersversorgung - Jährliche einprozentige Mindestanpassung der Betriebsrenten
1535,19.12.2008,07.02.2011,60,high,,,,no,Eigenleistungen - Belastungsgrenze nach SGB V
10782,13.03.2010,18.04.2011,56,medium,,,,no,Einkommensteuer - Absetzbarkeit der Aufwendungen der Bewerber für Wahlen des Integrationsrates
822,20.10.2008,14.02.2011,55,high,,,,no,Ausbildungsförderung - Bafög für Berufsqualifizierte
2676,17.02.2009,09.12.2011,54,high,,,,no,Ausbildungsförderung - Einführung leistungsorientierter Studienstipendien
8122,29.10.2009,05.07.2011,50,medium,,,,no,Körperschaftsteuer - Verzinsung des Körperschaftsteuerguthabens
3133,11.03.2009,02.12.2011,45,low,,,,no,Klimaschutz - Verbindliche CO²-Einlagerung
1675,05.01.2009,06.04.2011,34,high,,,,no,Steuerpolitik - Keine Steuergelder für Umsetzung AGG
3100,10.03.2009,11.05.2011,28,medium,,,,no,Insolvenzrecht - Wirtschaftsjuristen
300,00.00.0000,10.11.2011,0,na,,,,no,Umsatzsteuer - Deutsche Post AG
670,00.00.0000,10.11.2011,0,na,,,,no,Zivildienst - Dienstzeit freiwillig verlängern
585,00.00.0000,09.11.2011,0,na,,,,no,Heilberufe - Gesundheitsfonds
552,00.00.0000,04.11.2011,0,na,,,,no,Energiewirtschaft - Kohlekraftwerke
648,00.00.0000,04.11.2011,0,na,,,,no,Energiewirtschaft - Kernenergienutzung zur gewerblichen Erzeugung von Elektrizität
589,00.00.0000,20.10.2011,0,na,,,,no,Staatsangehörigkeit - Doppelte Staatsbürgerschaft für in Deutschland geborenen Kinder
133,00.00.0000,20.10.2011,0,na,,,,no,Arbeitslosengeld II - Erhöhung des Schonvermögens zur Alterssicherung
397,00.00.0000,11.10.2011,0,na,,,,no,Eisenbahnbaurecht - Barrierefreier Zugang zum Bahnsteig
183,00.00.0000,03.08.2011,0,na,,,,no,Gleichgeschlechtliche Lebensgemeinschaften - Steuerrecht, Krankenversicherung
483,00.00.0000,21.07.2011,0,na,,,,no,Einzelhandel - Einmalbatterien
164,00.00.0000,30.05.2011,0,na,,,,no,Arbeitnehmerüberlassung - Arbeitsbedingungen für Leiharbeiter
623,00.00.0000,27.04.2011,0,na,,,,no,Energiewirtschaft - Erdverkabelung für Höchstspannungsnetze
256,00.00.0000,01.04.2011,0,na,,,,no,Datenschutz - Verfassungswidriges Verhalten von Unternehmen
475,00.00.0000,30.03.2011,0,na,,,,no,Straßenverkehrsordnung - Klein-Laster (sog. Sprinter)
218,00.00.0000,08.02.2011,0,na,,,,no,Strafen nach dem Strafgesetzbuch - Rehabilitierung homosexueller Männer
592,00.00.0000,17.01.2011,0,na,,,,no,Regelungen zur Altersrente - Abschlagsfreier Bezug der Rente für schwerbehinderte Menschen
671,00.00.0000,11.01.2011,0,na,,,,no,Krankengeld - Erkrankung eines Kindes von Stiefeltern
